"Insulation","Temperature","Num_Occupants","Avg_Age","Home_Size","Predicted_Heating_Oil"
6,74,4,23.8,4,149.658694824273
10,43,4,56.7,4,254.644314428286
3,81,2,28,6,148.217197459898
9,50,4,45.1,3,219.234527944332
